-1.019924991769455224e+08,-6.961321514541880786e+07,-7.368627617823968828e+07,-1.446804067860360146e+08,-3.088323759619433284e+08,-3.059098679975622892e+07,6.926587767865878344e+07,2.272754929992480576e+08,1.900636559354682639e+07,-8.716154481431488693e+07,1.716118599327553213e+08,9.210870571739694476e+07,1.396524222182027623e+07,-9.341554507826179266e+07,-7.531714845956368744e+07,8.936189891856178641e+07,4.144510856904679537e+07,-8.053361802113303542e+07,-1.498469143134445548e+08,1.666782732473113835e+08,5.423757164962250739e+07,-4.135685202632509917e+07,-6.339902129531970620e+07,2.880452884811951965e+07,1.135523546124597341e+08,-2.289816292656627595e+08,3.402288214000364393e+07,-8.953453196054128930e+06,-3.870059720741652697e+07,-8.134206616817361116e+07,9.074979362861499190e+07,1.226767299661832117e+07,-1.864337348441851437e+08,-1.768667997055184543e+08,1.382769465014975965e+08,6.744429444498944283e+07,6.034466160961986519e+06,1.602742266693651378e+08,1.074811864882137924e+08,-1.789456857534465492e+08,-1.200903106092198044e+08,-1.676501120232169926e+08,2.124379887428515553e+08,1.388840425062028468e+08,1.716258272874941528e+08,1.453459799830220640e+08,4.180549038419083506e+07,1.896366427500622571e+08,-4.461422363528102636e+07,-1.441369374493447244e+08,-1.661401455683695078e+08,1.556046953951916695e+08,5.151057919518423080e+07,5.395825019886524417e+06,1.156067570031767488e+08,3.891914993741962314e+07,5.530611745518624038e+07,-9.966705120658279955e+07,-1.738691758472846150e+08,-2.916369348160699010e+07,-6.661350974276763201e+07,2.693946270805140585e+07,-8.393911259885673225e+07,-8.168005225249624252e+07,-1.625701866269897521e+08,1.062393908432875872e+08,2.529366462064017355e+07,1.078548233133041859e+08,2.622518389516251683e+08,3.248636451025856137e+08,1.933730479080269337e+08,2.056546142940286994e+08,-1.014404768753855973e+08,-1.425636124868588746e+08,-1.347672013516230136e+07,-1.341907486933553517e+08,-1.295127119882886708e+08,1.958655846394794583e+08,2.613849442448097765e+08,-1.268585455610809922e+08,-1.560994063335731812e+07,-1.526477108473099470e+08,3.743767171885096282e+07,-1.193940876517731398e+08,-3.925966127204650640e+07,1.490734938379510045e+08,-1.261595895944921672e+08,-2.987628765007440466e+06,-3.466976663589609414e+07,1.811259781408125535e+07,5.139800145081296563e+07,-7.637617859169486165e+07,5.049847304970023036e+07,-5.638238832400908321e+07,-2.470035639664069936e+07,-9.014070908881618083e+07,-3.093824621495719999e+07,3.579117679098984599e+07,-9.988231497159779072e+07
5.267533288137853146e+07,3.618122967383644544e+06,-1.592332639363885485e+07,-7.610109052772593498e+07,2.546329418600574508e+07,-7.639317632010966539e+07,-1.130377532820722274e+07,-8.793223851384581625e+07,2.512501921885185689e+07,-6.069899587603720278e+07,-3.354871479469157383e+07,5.160217498260150664e+06,9.783865725635941327e+07,-7.035420333693932742e+06,-1.060282499517582729e+07,-3.348263876696956158e+07,5.233291235080242157e+07,1.268605308705214262e+08,-4.358098233381683379e+07,1.740363466298745945e+06,2.814239096283536777e+07,-6.566176566388707608e+07,7.168012843510468304e+07,5.854152868281192333e+07,5.369140453271996975e+07,1.094118823262647167e+07,1.238035940473766029e+08,-8.257019649138839543e+07,-1.045296113429976278e+06,6.013182227428077906e+07,-2.628400666376623558e+05,-4.684192499480973929e+07,5.348032335608056746e+06,-5.408726559090560675e+07,3.564576162957537919e+07,-1.146746134752216516e+06,6.900818721850669384e+07,1.237568569456013292e+07,3.887269506614082307e+07,1.876210183118588477e+07,-8.257879941502779722e+07,-3.723844080404856801e+07,-3.961371765923750401e+07,-3.777527179829887301e+07,-3.266068806558794528e+07,1.441720107468611933e+07,6.162849645633770525e+07,-2.258797678029152378e+07,6.693527524015759677e+07,-6.480382512317614257e+07,-8.908650944254507124e+07,-4.423816546230445057e+07,1.994511634163600951e+07,-1.810258486259164289e+06,8.026083569024512544e+05,1.628540363801510260e+07,7.138517652482391894e+07,1.298384691401635297e+06,-2.212087530879759789e+07,-7.473521491829939187e+07,1.220180955455438234e+07,-1.094957483999690041e+07,4.094413810152634978e+07,8.367334575141084194e+07,-7.613692165495875478e+07,3.533337244999399781e+07,6.329832058509667218e+07,-4.881407917408318073e+07,8.641984960250722244e+06,-3.722133466137207113e+06,-4.325626076795997471e+07,8.367455419952706434e+05,1.153665031685477495e+08,2.999035180374187976e+07,1.739208891929860041e+07,-1.812263373528397456e+07,-1.788726732534045354e+07,-3.646087243362648040e+07,-3.006495539938350767e+07,-6.506737517753436416e+07,-1.637470971820507012e+07,-9.964282064422212541e+07,2.469540087365648896e+07,5.713743646006685495e+07,-5.142832996886737645e+07,-6.091944952932039648e+07,-1.023783059338975251e+08,-8.196671914400033653e+07,5.707903918929807097e+07,-3.140988243355270103e+07,-2.548160239474738017e+07,5.295739057965980470e+07,7.984741185232092440e+07,4.343214788746289909e+07,4.936871603482179344e+07,3.691698084539877623e+07,4.309172474461597204e+07,-2.458190905233895779e+07,1.947322203018001840e+07
-6.869191101604484022e+07,-1.265722880316747120e+06,-3.780480129657896236e+06,2.231025792254608497e+07,-2.485503288411253691e+07,-1.067937553760668263e+07,-3.114661717951813340e+07,3.213937452749630809e+07,-2.244739340737264603e+07,-7.766294286280545406e+06,1.204178438894949481e+07,-1.549242421733043902e+07,3.327058167907593399e+07,1.966476594600671902e+07,9.746328920359915122e+06,-1.277401876699306257e+07,-5.014545880705474317e+07,6.376684928080614656e+07,-2.708891594629999623e+07,9.558060285150958225e+06,5.543567054163561016e+07,3.943820919717510697e+06,6.326437056581930816e+07,-5.099787458625445515e+07,-2.115686196161485743e+06,-4.410942822218455374e+07,-3.001924337495124713e+07,-1.228776422225971334e+07,-5.850784201745360158e+06,5.548578325423133373e+07,-1.002570645253601670e+07,7.018191424610681832e+06,7.301048091274848580e+07,1.532384094528282247e+07,7.745171616774404049e+07,-1.611998938991708122e+07,2.044147857170569152e+07,-5.213239147794603556e+07,-8.022903909462921321e+07,6.764988965063433163e+06,2.393044411749790981e+07,1.773890007122351229e+07,-8.506655248607143760e+06,-6.174062977926892228e+06,1.921101549326739833e+07,-4.603458600467517972e+06,4.584449654196492583e+07,7.202841926286603324e+06,5.968555985915178061e+07,2.354853391042828932e+07,-3.762812088039443828e+06,-3.407714869865099899e+06,-1.482716456980351359e+07,-2.060723400363582000e+07,8.591117718046966475e+05,-1.603618511518293060e+07,3.931991317209799308e+06,3.062524453487629537e+06,1.890430616483277828e+07,-2.707861042644118145e+07,3.285103226127146557e+07,1.215082634282241575e+07,-2.850358182986683398e+07,4.554140879421588778e+07,1.135396523349980079e+07,-1.008103144464332610e+07,8.938218366753241420e+07,-1.020600128345561028e+07,1.164521689546533674e+07,1.749837593489411101e+07,1.760580753875802457e+07,-1.670283295780318975e+07,-3.719504918159931898e+07,-5.807271094594237953e+07,-2.441675061729126424e+07,5.022566090685165487e+06,-2.052859103739297017e+07,-3.436524736553323921e+06,2.296818813563234359e+07,2.494129948425769433e+07,-2.486563392404606566e+06,-1.066256574175868928e+07,-4.542273957912576199e+07,-3.024510436930196732e+07,1.189366296222856827e+07,1.804092529097259743e+06,-2.870797416327170655e+07,7.396531604173837230e+06,-2.634964483044019341e+07,-3.076123306364460848e+06,-1.112389324372571334e+07,-8.226627698343661427e+07,-4.770893873410217464e+07,9.270606687554899603e+06,-3.159025996440955997e+07,5.769123498701124638e+07,9.849780640640878119e+03,-5.420537209436886013e+06,3.564422595362215489e+07
5.272298734386375872e+04,5.329247581072870642e+06,5.026675680194520392e+06,9.807312427174588665e+06,1.550318903005945683e+07,-3.189340035406224057e+07,2.172246663785419986e+07,2.059409507018990815e+07,-1.701661342039410770e+07,-2.337913843874914572e+07,3.159759174157489091e+06,1.664841713581567397e+06,-7.095676808266391978e+06,-1.367189404188534990e+07,5.386999124227363616e+06,-9.091455408114051446e+06,-1.694284175904735550e+07,2.533780270750625059e+07,-9.938313129678695987e+04,-1.826063703413156420e+07,-7.428245463297485374e+06,1.023800620046487823e+07,3.360040191336391494e+06,-1.822445918067987263e+07,-3.130481197980876639e+07,1.782103218632460013e+07,1.906014746682919189e+07,2.386708652698957920e+07,-4.341687126963113993e+07,-2.149244964643548802e+07,-2.033380433753369376e+07,2.562199175192294177e+06,-8.713642059812316671e+06,9.576951848752861843e+06,2.506732694960713759e+07,4.562667201292404532e+07,4.527172598387654871e+06,9.710596088520411402e+06,-1.017249071275047958e+07,-3.506108763701565098e+06,2.696646172534101177e+06,-1.636020029252414964e+07,1.181097393962584995e+07,5.517829593116085045e+06,1.142668359308443777e+07,-2.912433915862325579e+07,6.171540079902589787e+05,2.373586084278775379e+07,-7.859124409016121179e+06,2.877179908666849136e+06,-5.146535587358841673e+06,-4.343294368749606423e+06,2.816837625562372059e+07,-3.645073041341779381e+07,-1.409961874758362956e+07,-1.348924626475746045e+06,3.887986452294257283e+07,-2.636095453493209183e+07,-5.521606772069631144e+06,1.863680738400112465e+07,-2.741418341056838259e+07,5.173886322035768069e+06,1.413610052446527593e+07,-1.437900701496224105e+07,-2.234183068385958206e+06,-2.215383989473510161e+07,-9.961769009931949899e+06,-1.343124247273312509e+07,-8.067547026886488311e+06,7.380538387373348698e+06,1.472539077345627733e+07,-1.855550707615359500e+07,1.748606504912922904e+07,5.398091431456968188e+06,-1.858703721626598760e+07,-1.564566041087272018e+07,3.250765964670974761e+06,8.587384604799078777e+06,4.760832856164681725e+06,3.435441350306612253e+07,-3.973732314869498461e+07,2.470297147301864624e+07,5.981034615160098299e+06,1.646098472237911634e+07,2.156365574459045753e+07,2.087848672095943615e+07,-6.746560537687418982e+06,-1.645552792162998952e+07,-1.853076594280975312e+07,-1.904134835698079318e+07,-1.559179534747485013e+05,-9.684045905068037100e+05,2.158174914291068539e+07,1.515710892655174993e+07,1.554635542762300186e+07,1.689325998212496052e+05,1.993705810146750882e+07,-2.985981208406164497e+07,2.398336336752688512e+07
2.258672662464174256e+07,-2.254156002861165628e+07,-7.479794701014738530e+06,-1.823337752108021826e+07,-3.834582186020111665e+06,-2.092876272944137454e+07,-5.971379666375532746e+06,-3.023979815328996629e+06,-2.138111527857711911e+07,1.683130219928035140e+07,5.369831253960034810e+06,-1.626922805059419200e+07,6.863047600884343497e+06,-1.233469286806884781e+07,8.459976799548739567e+06,3.004788243308620155e+07,-1.603645313830971159e+07,1.089238433918067813e+07,4.038159545874069910e+06,1.966068418171336502e+07,7.119616347895137034e+06,8.625635122280707583e+06,-5.895820342055889778e+06,5.513162726887998171e+06,-1.488594481521348469e+07,-7.143217953809948638e+06,-1.649698644506180473e+07,5.379604166955388151e+06,6.445049407863488421e+06,1.519547226626694761e+07,3.819451310072180629e+07,-6.859858761976163834e+06,-1.130011959269694984e+06,3.398379937388923950e+06,-1.364838210581089929e+07,-1.705212226141785085e+07,-9.587779025066161528e+06,7.131431156711301766e+06,-5.194122618576979265e+06,1.416096282187653892e+07,-1.073882917101499159e+06,6.439864638367640786e+06,1.317619858356789872e+07,-2.519345164823396504e+07,2.794882982466792688e+07,1.677449143293811195e+07,7.949795874122156762e+06,9.601328594677049667e+06,8.059665428346896544e+06,9.343548361901102588e+06,6.991806953499974683e+06,-1.054572364545691386e+07,7.167581575329499319e+06,1.192189220289306156e+07,-1.362957225001311675e+07,-2.238130475497664139e+07,6.520329233860368282e+07,6.576091297052840702e+06,-8.140490519976576325e+05,3.569112088617385831e+06,-2.123935970392561704e+07,1.449444820057438128e+07,-9.330035437161231413e+06,-1.507007302252876107e+05,-2.270452581459545996e+06,-1.310258966030348465e+07,-5.340433781810612418e+06,-7.582391721378672868e+06,-6.819960796916737221e+06,-3.951006891556618363e+07,-1.139622974479454756e+07,7.595246783234900795e+06,-3.445808636357315630e+07,2.538056421699637175e+07,-1.193254446450300887e+07,7.946182140505696647e+06,1.360542758830530383e+07,2.656539568651542813e+07,7.196433941739173606e+06,-1.587301869191704132e+07,-3.111996290824090131e+06,4.820796575322327204e+06,-6.351580973047018051e+05,1.920207655749546736e+07,-3.689346581250517070e+07,1.281324251327140257e+07,-1.015522627385729738e+07,-4.275264814599280246e+06,1.375271341629270278e+07,-2.670575313374506310e+06,1.465516891412327765e+06,-1.349690899972525612e+07,-1.625841600240070932e+07,-5.347679438794583082e+06,-4.610221680877676234e+06,-2.373379834795641154e+07,2.176724448307650536e+07,-1.673579424102643970e+05,6.686487925281330943e+06
-1.524563389734886773e+07,1.696981178206445277e+07,8.178691490512710065e+06,-1.182420005321734119e+06,2.196178271228881087e+06,-8.192503140743284486e+06,-9.235565459272157401e+06,-5.450376645043895580e+06,2.058928522910050303e+07,1.282045755532491393e+07,-7.187192326928686351e+06,-3.691786140203069430e+06,3.097084261243048683e+07,-1.558806790893262951e+05,6.306135401776736602e+06,1.528393308541856147e+07,-1.669434878386619966e+06,-1.678258159776902571e+07,2.599230933317260817e+06,8.448041918180119246e+06,4.476567141970533994e+05,4.448655220274440944e+06,-1.550077171826973930e+07,-8.838000454732319340e+06,-4.834099926545220660e+05,-1.563354661126224697e+07,1.840196177765799314e+07,2.658889924244409893e+06,2.883024633904612157e+06,5.184255426051712595e+06,-5.786075894516093656e+06,4.864873141080609523e+06,-6.012278267933227122e+06,-1.089152240316543728e+06,8.000226959079231136e+06,1.506764574450456910e+07,3.166393652554756403e+07,7.108900627759126015e+06,-1.904272787471653149e+07,1.252591433107597567e+07,3.557225252355495933e+06,-4.358053784213433973e+05,-1.671356818473893218e+07,-7.285600573969293386e+06,3.133482153614193201e+06,5.636318961034053005e+06,-9.465744665074195713e+06,-9.515903705363167450e+06,-4.257694633293739520e+06,-1.013695623736017267e+06,3.503608740861807484e+06,-8.166464631734283641e+06,-2.679862156621876638e+06,-7.366613374654278159e+06,-2.715716520434276666e+06,-5.477878345542643219e+06,3.207873157546610758e+07,1.370976686445753556e+06,2.095078972701615421e+06,6.065539008264001459e+06,-8.022609440586887300e+06,1.447441029978077568e+05,-1.333804032224931009e+07,-2.341812497434725054e+06,5.331252841628464870e+06,1.135464574328254722e+07,-7.618587537292573601e+06,-3.378295980038367212e+06,-1.257917226947101206e+07,3.492276934445047751e+06,-1.224406008291864395e+07,-2.091205643160180748e+07,1.645250118847045302e+07,-6.299162710097843781e+06,1.145596966222349438e+05,4.488867996278449893e+06,-9.251820579705707496e+05,-3.219295970050333533e+06,5.122632220432282425e+06,-8.119883145330482163e+06,5.928231607870060252e+05,4.835399569571432658e+06,3.995920622982728481e+07,-2.453080172074703127e+07,8.091617101044758223e+06,6.349783454264293425e+06,3.324088488739045803e+06,1.183093079774724692e+07,-5.727714853864554316e+06,2.836909830814439338e+06,-7.709681683135692962e+06,-1.267727174131879956e+07,1.905170553632753342e+07,-2.700720243189110979e+07,-1.990425655289063230e+07,-2.285097270643259864e+06,-1.383743683913496882e+07,8.999685101061567664e+06,-1.848163349305629730e+07
2.678422215953013394e+06,4.697214578649873845e+06,2.069220166180276545e+06,1.782486960285642743e+07,-1.666903278342832066e+07,-5.818804904676555656e+06,-5.552319730012802407e+06,3.418008847011924721e+06,-6.824608531911287457e+06,1.932137106820355169e+06,6.712682496371046640e+06,1.600839324320719577e+07,9.280168247645182535e+06,-1.449750215538050979e+07,9.357396687326906249e+06,-8.055654665634538978e+05,1.967273969090394676e+07,-2.723451690699400008e+07,1.780817166824208945e+07,-5.851295337113537826e+06,-8.404357018126605079e+06,6.244217162689615041e+06,-4.750412493685340509e+06,-2.093186480159315979e+06,8.949038866812124616e+04,-7.795800892805935815e+06,2.812111608030309901e+06,-1.497819168401027657e+07,2.740068926173571963e+05,4.201081773894175887e+06,-9.610575290163209662e+06,-6.854928060149205849e+06,-1.152147669255390763e+07,6.756723460868726484e+06,3.319037800378336385e+07,-1.809043760547624528e+07,7.605428468325223774e+06,9.138183703121282160e+06,-1.141222242275332659e+07,3.213815466353361495e+06,1.316667810599755030e+06,-5.362974163220628165e+06,-1.725478382948868722e+07,7.565871905224896036e+06,-1.756202796516412171e+06,-8.007613494719595648e+06,-7.117990823072032072e+06,-2.369019445831698924e+07,-1.958780895077652112e+07,-3.781199103651726153e+06,-2.853190027663386893e+06,-8.737870164626440033e+06,-1.740165823912630603e+07,2.498751918567753863e+06,-4.517975929674910381e+06,-4.511093646469641477e+06,3.492261597318142653e+06,-6.195123749269992113e+06,-6.527712375496279448e+06,-1.163507879213314131e+07,-8.290021854108320549e+06,1.910168795244562253e+07,-8.013516393639205955e+06,8.824401896694554016e+06,7.886968287492203526e+06,8.517724623979207128e+06,-4.626521707730977796e+05,1.766414826066151261e+06,6.619255881008448079e+06,-2.616297734873151407e+06,-6.443767796640323475e+06,1.200678905979776522e+06,-7.917149628622074611e+06,-8.270143698019588366e+06,1.951298405609072372e+07,-4.130899433085286058e+06,6.295470280006260611e+06,2.416391222428924870e+06,3.158569411820075475e+06,1.203032786951830424e+07,-5.769794182565594092e+06,5.001555802716793492e+06,-1.389204286465322226e+07,6.350155576832093298e+06,3.537043055920937564e+06,7.278432706281851977e+06,-1.137362936659272015e+07,6.102314790875406936e+06,2.260645173521910235e+07,-8.484932193309292779e+04,2.706334081253231037e+06,8.525679150304771960e+06,-1.296053886057227477e+07,5.249124738183609210e+06,1.981074062087449059e+07,-5.545216095455517992e+06,3.233195833536246791e+07,-4.447603881362005137e+06,1.123274776449667662e+07
-2.864388954928908497e+06,-1.202244616725598462e+07,-4.686859949311226606e+06,2.253554078427407891e+06,-8.802058128631912172e+06,-5.098362432294693775e+06,8.088305571096227504e+06,3.724678585683432408e+06,-4.903772060925663449e+06,9.834722251160562038e+06,3.912499671110563911e+06,5.700106693389468826e+06,1.511829492032024637e+07,-1.884095988412878290e+07,5.892154092432771809e+06,1.296333429582411773e+05,5.105991859865122475e+06,-2.412508284979568794e+06,-8.226450271230601706e+06,-1.052561184486282058e+06,-5.998505677141093649e+06,2.114019805399643723e+06,-4.756572287543183193e+06,6.929800220503062941e+06,-2.685878210839184467e+06,1.034384756253248313e+06,1.598214755770221166e+07,-6.654308199314947706e+05,-1.087442794427507324e+05,-7.825067736431234516e+06,-1.485593633966403455e+07,6.196933839648088440e+06,8.016077253877867945e+06,5.564064704374438152e+06,-5.707771131707662344e+07,-5.774404934078441933e+06,9.786747251808909699e+06,7.186873157407033723e+05,-9.201829029351824429e+05,-4.348168925349567086e+06,1.063085505559555814e+07,9.593622996055807453e+05,-3.321091762193326838e+06,8.277490808783707209e+06,-1.508923328474029433e+06,-3.104626925723688910e+05,4.074464918324071448e+06,-5.999387893331914209e+06,6.808128755481707864e+06,8.492311575204649940e+06,1.244077974214464193e+06,-3.406406906680853572e+06,-3.096862127333312761e+06,9.583725219652878121e+06,2.021566207473157207e+06,-1.037492014735907316e+07,3.514213912760722451e+03,-2.913923921853552107e+06,-1.233290953103708802e+06,-3.649337305904469453e+06,-2.230787941515531857e+06,-3.961553708481956739e+06,2.260644478145856410e+05,4.400291800503423437e+06,3.220975489631585777e+06,1.018140858492002822e+07,1.219554237565066665e+07,9.718835049264458939e+06,3.251071785618064925e+06,1.180083325660115108e+07,3.904380343765811995e+04,6.333333758500276133e+06,3.459211480269770138e+06,-3.629727241754455492e+06,-2.383982191427924670e+06,-1.453149098330868874e+06,-3.785375924239285756e+06,-4.867547327880957746e+05,-3.391127906042771414e+06,1.545537582484903745e+07,-6.542397772342663258e+06,1.322167017615844868e+07,-2.350690493330097292e+06,-2.439351668579428457e+06,-7.229349301435011439e+06,2.475061539918211754e+06,-1.707378669023260847e+07,-2.438395483158315998e+06,-7.975895431121971458e+06,1.842237310712535400e+06,1.456523729820198787e+05,-8.194775502582869492e+06,3.789692464341868181e+06,-2.411371202996563166e+06,-5.370841735130702145e+06,7.019909730216919445e+06,1.050286673751629330e+07,-3.992559213713299483e+06,9.606072237709648907e+06
-9.823087725660065189e+06,8.439069378583405167e+06,-1.128619806567237712e+06,1.559251998016861733e+06,2.826441549993098248e+06,-4.740971841048118658e+06,2.445355098022381309e+06,-4.835828700345768593e+06,6.154736594427595846e+06,-1.479416778736662818e+06,-2.471424066354661249e+06,-9.521714480527788401e+06,-2.203888122448580805e+06,-1.213511117727923393e+07,-8.992427233030241914e+05,8.631562124784855172e+06,4.503013379212427884e+06,1.141202342220481671e+07,-1.107707436147649027e+07,6.294763398936351761e+06,-5.306514101556357928e+05,-2.320251982543503400e+06,1.757264308300847188e+07,8.643191070195583627e+06,1.564252040158022940e+07,2.087783593996248441e+06,3.967210553731712862e+05,-2.328791509671688545e+06,-6.089271112347279675e+06,1.397132347795817815e+07,1.415001528589335456e+07,7.340383061192846857e+06,-2.384978476693681255e+07,7.985723222459808923e+06,-1.235133813245012611e+07,-6.649438202050274238e+06,5.698646110630755313e+06,-9.872256715143850073e+06,-1.342131897243796289e+07,1.138290978666016832e+07,3.782380158812672831e+06,-5.993156226788066328e+06,4.247215967490487965e+05,6.264932460338307545e+06,4.431122084370332770e+06,5.651072487288407865e+04,-1.705094081292133778e+06,7.845364218835649081e+06,-5.307321574680146761e+06,1.039630484156923834e+06,-3.003939244131852873e+06,-4.813984032658131793e+06,2.606664287222754210e+06,-5.250199780316975899e+06,-2.827127946351442952e+06,-2.234014599726736918e+07,-1.895295539464549348e+07,-3.749984029684652109e+06,-1.863545732938204706e+07,-3.653964514214168768e+06,-8.234866810599892400e+06,1.066590186591133848e+07,8.747088749642515555e+06,5.712142603652128018e+06,1.431012715406924952e+06,4.859455401251896285e+06,-1.673802096616854891e+07,2.459902061479544733e+06,5.142654713470647112e+06,-6.130723447009936906e+06,-2.510958963124125265e+06,-5.901279552313634194e+06,-6.572316769814609550e+06,6.649896974045741372e+06,9.214023038179369643e+06,-6.203232057723310776e+06,1.309025690988954902e+07,5.318460806356056593e+06,6.114498572392890230e+06,-2.005558874072956853e+06,-1.746399550602330128e+06,8.992044409755062312e+06,-2.278018944767430425e+06,-3.036404887341228314e+06,1.765577721835869923e+07,8.058442387187011540e+06,2.005574750505589647e+06,-1.727254263400494354e+06,4.031536123129447456e+06,-3.115073045546876267e+06,-9.056853393314270303e+06,-4.361863976195034338e+05,-2.281502037830547895e+06,1.359065443712199293e+07,1.799880600334218005e+06,1.082387741584201902e+07,-1.774227584556057677e+07,1.963789377869583899e+06,-2.236535694563930854e+06
7.489853997191200964e+06,-2.379148518555356190e+06,6.063468326919389889e+06,4.683556769017969258e+06,-3.121045783036289737e+06,-2.414716534220791236e+07,-4.500940422965781909e+04,1.166262160470527038e+07,-5.555598365569240414e+06,3.243359642809926067e+06,1.080818164542756788e+07,2.474561897462849040e+06,-1.823286664250038099e+06,-3.349288014458000660e+06,1.245405256585497782e+07,-4.904990340408203192e+06,5.101608864054068923e+06,1.459478873431464657e+06,-2.892913169082236476e+06,-2.742749925862742122e+06,6.781664631421157159e+06,1.111118212635036372e+07,1.035820006660681567e+06,4.854020458985410631e+06,-5.214492201146193780e+06,-4.480532972252825275e+06,6.357581684036428109e+06,4.807690079542499967e+06,6.492349558566383086e+06,1.402792438377958909e+07,-5.968791434148056433e+06,6.414927243270380422e+06,-7.628356520983007504e+05,3.613993463143153582e+06,1.094830421118946001e+07,9.585927697332434356e+06,-5.293018230007421225e+06,6.609050932457445189e+06,6.009328671463972889e+06,-7.158985847857998451e+05,3.354853257823301945e+06,1.396830520029206993e+06,1.994908391662864015e+06,-5.801535378723777831e+06,-7.550629617456592619e+06,1.206137092140703695e+06,-1.047182076021985617e+06,4.569442968208289705e+06,1.291448322417427786e+06,1.737833867385645164e+06,9.040314762541482225e+06,-2.806034643621546682e+06,3.877356298388202209e+06,5.279890884358921088e+06,-4.246629546689786948e+06,-3.162193855180821847e+05,-2.125066833089273423e+07,5.861060246327565052e+06,-4.534759024331496097e+06,8.629279103767129709e+04,-6.429378285563489422e+06,-9.576147529087118804e+06,7.891187140462676995e+06,1.009112099308198690e+07,1.176211286994579621e+07,-2.128119916383260395e+06,-1.523497681295117829e+06,-7.351970308526800945e+06,-1.807428193602025975e+06,5.989074901810141280e+06,-6.627021389105131850e+06,2.049672023691573180e+06,1.712906331272927346e+05,2.383807907927021384e+06,8.670843293595802970e+05,8.073263219351397129e+04,3.278162814351927955e+06,8.597050316512945574e+05,-1.567300461283595767e+06,7.806736754939835519e+05,-8.322028163062847452e+05,8.813869750683240127e+05,3.562742660646596923e+06,2.343072503102939576e+06,-8.980148734441075474e+06,-7.930731629315294325e+06,-1.965124011399964988e+07,4.371239470345736481e+06,4.708119575811624527e+06,-2.433609362717733718e+06,2.390085976102995686e+06,7.579932586563650984e+05,-4.603641327232822776e+06,-6.886095806014573202e+06,-9.418696636035200208e+06,-1.610638210532716475e+07,-2.187070237988359481e+07,-6.234383717207228765e+06,-6.097023111545319669e+06
-6.770892583540864289e+05,-1.300171519216549583e+06,4.448078500316984951e+06,3.549844006290318212e+05,-3.784715161075956188e+06,1.099233572471430339e+07,1.614115623009313643e+07,1.551632315557008423e+07,-9.340819464653195813e+06,-3.731073720114886295e+06,4.363389828337947838e+06,-3.962192050498998258e+06,1.939226859942369536e+07,6.088979105946633033e+06,2.553033276600441430e+06,-7.517323025104360655e+06,-4.896246256027895026e+06,3.035864403588792309e+06,-1.153199317702500522e+07,-6.264095487758895615e+03,-5.208397410040603951e+06,3.947304903791205492e+06,-3.622857127353736665e+06,3.650413438677938189e+06,-1.218409647215430439e+07,-3.740918467631727923e+06,1.770031943604504224e+06,6.219200764964446425e+06,4.747807976788257249e+06,4.361504050260891090e+05,4.510132881198698655e+06,6.569655686424713582e+06,-3.480840376081075054e+06,-5.008944855275564827e+06,4.001588899994984386e+05,-9.941270822471491992e+06,1.859091770582786947e+07,-1.766292994622588530e+07,-8.973994284205760807e+06,-3.835296820766147692e+06,-4.469858182964155450e+06,1.644997815414813347e+06,5.734237759232127108e+06,-6.067115349080427550e+06,-7.557661036860285327e+06,-6.310495995692379773e+06,-4.358432511140201241e+06,3.453382898670733906e+06,-9.758939137168129906e+06,-3.440448246679629665e+06,-2.024585302722021472e+06,-7.731688543828594266e+05,-6.773208749992755475e+05,-2.806406993364310358e+06,-1.204196587403337471e+06,-9.260209023644329980e+06,-5.833543278921683319e+06,5.753182456098584458e+06,1.594665222360648913e+05,4.704004699720107019e+06,3.686058759699165355e+06,-7.250912037639874034e+06,6.226850963837901363e+05,2.083472723388103535e+06,-6.334898134534908459e+06,-2.527686464180878829e+06,-5.519087079657356255e+06,-4.937095335670837201e+06,2.542921218734546273e+05,-1.135245537692223676e+06,4.396825799684328027e+06,6.911962032858195715e+06,1.223994413455483690e+07,2.612636907255321741e+06,-3.151339402181103360e+06,7.830128739596000873e+06,6.712338277482687496e+06,8.705042822616117774e+05,2.288035758095298894e+06,-6.699568838970147073e+06,3.460540035852395929e+06,-2.037226781005016062e+06,-5.720435100826423615e+06,2.096355976124928100e+06,1.594241533084066585e+06,-5.843219728212124668e+06,9.341115955351246521e+06,-8.047685726745538414e+05,1.087592830750666186e+07,4.917120183618732728e+06,1.360709064702559263e+06,-3.877494328659662046e+06,2.120297966333546210e+06,-7.100676220623844303e+06,9.968865783428028226e+06,-1.165710504090839811e+07,5.683611154498903081e+06,-5.441470231884532841e+05,2.985590744883248117e+06
-3.239302439570173156e+06,-5.732046713816054165e+06,-7.607402747196936049e+06,-1.116880278076358698e+07,4.107173556759621482e+06,1.175937464938064292e+07,-3.376712924672242720e+06,2.557742815115867648e+06,1.532088144722775789e+06,1.272707768060320057e+07,2.303359355728955474e+06,-1.734117977282085689e+06,-4.404546853186527267e+06,-4.227655774636567570e+06,1.188023018436007202e+06,7.562265438529915176e+06,1.851210714463927317e+06,3.640394952745575923e+06,2.872069584088563453e+06,2.750265077543755528e+06,7.735446221973182401e+05,1.101198881147980457e+06,4.738847824120303616e+06,-7.720503002884583548e+06,-3.695135391009644140e+06,1.570611623055940960e+06,4.340285165464517660e+06,-4.152704667774180882e+06,1.857600721807679860e+06,1.567921709246092942e+06,-5.963583260929266689e+05,-4.158258607172144693e+05,-1.778981909559943248e+06,-1.051924343944128836e+06,5.138494579887017608e+06,-2.669888594850694761e+06,-1.085909154666889459e+07,-1.371613414512866922e+07,-5.875730640891991556e+06,1.070065243550074985e+06,9.086477249903673306e+06,-8.586692977331745205e+05,8.228772032598153455e+05,6.324893365871601272e+05,-1.754504407701768447e+06,-3.567712980584949255e+05,-2.239846430783438962e+06,-4.372212260137912817e+06,-9.833880357716845348e+06,5.688569748846802860e+06,2.293469583693508524e+06,2.260837833775750827e+06,-2.948539368922203314e+06,1.222756601877276786e+06,-1.689714844274374191e+06,-9.617365904641891830e+05,-2.212459641683134250e+06,2.284752269498767331e+06,1.851570276174706873e+06,-3.957917240073203575e+06,-3.112149536320798099e+06,2.587018989375509787e+06,5.367114623095094226e+06,-1.097775680838177679e+06,5.934143678077999502e+05,-3.919890065872440580e+06,3.348678344409564976e+06,3.577685243865405209e+06,1.013100283768499386e+06,7.411974467541277409e+05,2.407220716515720356e+06,9.300121114613042446e+05,8.606980565905058756e+06,8.031665863138982095e+05,-4.978959030407516286e+06,4.313289104220625013e+06,-6.102449380833948962e+06,2.131421456803434528e+06,5.721105178919497877e+06,-4.753551941730580293e+06,-2.885618521604019683e+06,4.552847405460888986e+05,1.133316460581898689e+07,-3.032135243643776048e+05,6.285938849909182638e+06,-3.258832112807607278e+06,-1.692250708332955465e+07,-5.944185942948791198e+06,-7.281869511136133224e+06,3.327620074113807059e+05,4.957751916309971362e+06,7.767672772171820514e+06,4.472756760177568533e+06,-1.159029267080783611e+06,8.389948886610239744e+06,-6.506812182231007144e+06,1.234255959328078898e+06,1.843123261572848540e+06,1.068481918416591594e+06
-1.789153272501446074e+06,-5.155600920874343254e+06,-3.018864648550663609e+06,1.173757978763991850e+05,-8.279261501327687874e+06,-2.530005495185926091e+06,5.361375807614656165e+06,-8.557461879294628277e+06,-4.227161393648252822e+06,4.333504592133317143e+06,-6.125607894075464457e+06,1.323922496444635559e+06,1.036028572777320514e+06,-8.140751133341051172e+05,2.805334926158646587e+06,1.961723927851599874e+05,4.621487222746830434e+06,4.138102001607621554e+06,1.317936617575383000e+07,2.372982177742106840e+06,5.650557542544114403e+06,2.977743643525450025e+06,-5.329764079389603809e+06,2.698065962847676128e+06,-1.959587400427101878e+06,-4.002189594153219368e+06,-6.698129973617690615e+06,1.317265579406210408e+07,-1.095145624621472321e+06,3.534637869559554383e+06,-2.663868049322899897e+05,-3.090303939640992321e+06,2.113200975950244814e+06,-3.318546593898258172e+06,3.231018304658383597e+06,-2.946478905221328605e+06,6.637065508649306372e+06,-3.657697419500541873e+06,3.062154724085657508e+05,-7.371135675496974029e+06,-7.191555706122679636e+06,1.182075821836424759e+06,6.474369167844884098e+06,2.341603325722637121e+06,2.417364193082986400e+06,2.102779135720076039e+06,-2.070610509560463252e+06,5.087425169471504167e+06,-1.856582960764845600e+06,-3.553812964001529384e+06,-7.035691386472539045e+06,-1.412382615236977115e+06,-8.194284345654585632e+05,6.004190730497370241e+05,3.601309741236751433e+05,-5.310600639377361163e+06,-2.533811028904154431e+06,4.648279170807566494e+06,6.239870072304807836e+05,3.068929936978010926e+06,3.094714251615377143e+06,-5.670579365358937532e+06,4.126850790965093765e+06,-1.649710267251944635e+06,-6.865760716093220748e+06,9.084694132546484470e+06,7.836521827146907337e+06,-1.046697589613459189e+06,-6.646238176782542840e+06,-6.795883541521674022e+06,-4.028782822908465751e+05,-2.917974994801333174e+06,-4.752268176419248804e+06,-3.528497921795423143e+06,4.503720697307202965e+06,-2.533248226962367538e+06,-7.155010700546070933e+06,-2.554677450914454181e+06,-4.793857241687260568e+06,1.101728231315579265e+07,-3.227080588668494951e+06,8.069399948568616062e+06,1.213940862252868153e+07,-4.343543498559534550e+06,-3.471192537630422157e+05,-9.686860796850316692e+05,-1.201669091917068698e+06,-6.066477109238668345e+05,-3.564757419028697070e+06,4.325770865943451645e+05,-4.872553820276731625e+06,4.302973230163762346e+06,-2.972199467223406769e+06,8.497154692052891478e+06,1.184305212175238132e+07,-2.492805080678171944e+06,-7.514260082899088971e+06,6.497077746646240354e+06,1.282035445602188585e+06
4.205613823972078972e+06,-1.400393908639822155e+06,-2.692840961388166994e+06,2.949262026968062390e+06,-1.883010196152110118e+06,-1.595432952745305840e+06,2.619453810148160905e+06,-5.010501865418937989e+06,5.647664159997668117e+06,7.634686375945449807e+06,-5.378878638393332039e+03,-8.200646924443742028e+05,-3.187344760764703155e+06,2.481175616027425276e+05,-1.241556945414885506e+07,5.867337950851091184e+06,-4.474646961519439705e+06,3.742411532161884475e+06,-3.256838527182458434e+06,-1.558523702266712207e+06,-5.912379118687633425e+06,-3.824037109963183757e+06,6.025062114230400883e+06,8.256913652939516120e+06,-3.327850255423677154e+06,5.026108660578436218e+06,-2.550506824323164183e+05,-5.872472099706700537e+05,-6.691605571385018993e+05,1.204112650907261763e+06,1.204931831545428606e+06,-2.534257083621642087e+06,6.069534518250751309e+06,-8.047075647336129099e+06,2.240075032174778637e+06,3.345420708217063453e+06,9.173975255836548749e+05,5.304861990756480955e+06,3.551127272926542209e+05,-4.602898570717423223e+06,4.456173447936091572e+06,7.847048249937457964e+06,8.746759321108838776e+05,5.078705061122991028e+05,2.664194804826949723e+06,1.490781855907065794e+06,-7.072512500893685967e+06,-7.728865104978862219e+06,-7.925761685273199342e+06,1.044700928024699213e+06,4.137347719870401546e+06,-3.013049680633280426e+06,-8.134894960690102307e+05,-1.854437757796418737e+04,-5.404091540761228651e+06,-3.411202459201042540e+06,-2.509340890397670213e+06,-1.019521245238675037e+06,5.709269613073164597e+06,1.263658078416162898e+05,-3.984152895172995050e+06,-2.923586459431424737e+06,-8.023885165178622119e+06,2.958916092715684790e+06,-3.512703837012821808e+06,-3.008378781862793025e+06,1.185935506814229069e+06,-6.719911538426409476e+06,-5.330494619218100561e+05,1.068979127038172632e+07,-2.142863901576664764e+06,-2.528604807117705059e+04,1.205009443554651225e+06,2.208493758164920378e+06,-5.693817827534549870e+06,2.216512148887633812e+06,2.598630771624307614e+06,-6.559154724030903308e+05,6.661852805176177062e+06,4.974861712399562821e+06,-5.899988992310677655e+06,-3.086924071830295026e+06,-2.578848645642879885e+06,-5.566222942684738897e+06,-6.766724355226245709e+06,5.626064190615314990e+06,-9.251343666898754891e+05,8.818866375696305186e+06,8.034158719022365287e+06,3.899201700307658408e+06,-1.500747163376757642e+06,-7.171005020736200735e+06,2.595528191767200362e+06,4.855733596839942038e+06,1.354694749107355624e+07,4.840876805898902006e+06,-7.005465706517728977e+06,-1.598737012566436781e+06,-2.339656356905056164e+06
-2.994851528944314923e+06,-4.275351461271948181e+06,-6.584763159393499373e+05,5.851270552191045135e+05,-3.086039703418463469e+06,3.234067807500103489e+06,-1.744454636181491660e+06,-5.274163767969411798e+06,2.330576388473992702e+06,5.430442088934492320e+06,-1.819495057056972990e+06,-6.970278707256460562e+06,6.828790411450455897e+06,-9.551693172665372491e+06,-6.744116716591215692e+06,-2.049119212618311634e+06,3.937918240446749842e+05,3.292518784121316858e+06,2.146938932321821805e+06,-3.800107597429723945e+06,-5.472371628524044529e+06,-3.764302463618173730e+06,-5.388232265585528512e+04,3.516776894419615623e+06,-3.562786349506336730e+06,-3.194784497377738357e+06,-1.131085968058095168e+05,7.847474716434861533e+06,-1.777171050448152469e+06,-9.557036404402643442e+06,-5.944453345473098569e+06,-8.584605935772628291e+05,5.096428658843456651e+05,8.506668221878348850e+05,6.992022242774603888e+06,9.957172548933396116e+06,-7.021855574536758475e+06,3.135737870610153303e+06,2.229205253292288166e+06,-7.996060081779476022e+05,6.820068405730095692e+05,1.459701134766685311e+06,-1.931245518332826206e+06,-2.009804659934719326e+06,-6.822747088611168787e+06,2.210398555538944434e+06,1.095196259861096367e+07,5.286886720629717223e+06,3.870922846636408474e+06,2.114423672432680614e+06,1.151529916996883461e+06,1.908703138755343622e+06,5.135620850861296058e+06,2.893110384160030633e+06,5.036355319559467956e+06,-8.016735596399934031e+06,-3.263322254326612223e+06,3.840106890107173240e+05,-9.617425375752381980e+06,-2.592759487463132013e+06,1.374355336771164322e+06,8.301936150939770741e+05,-4.761887195855453610e+06,-2.121327773550350685e+06,2.656279859370552935e+06,-2.011891772687484045e+06,4.353959951318782405e+05,6.712716353310992708e+05,1.965112992798264604e+06,-6.537362858549587429e+06,-2.623737850322948303e+06,1.534039231769356644e+06,-2.958607704481409397e+06,-3.953621952090600505e+06,-2.159096261809929740e+06,4.501108295149792917e+06,4.604712009818073362e+06,-1.876138096310133813e+06,-9.256669755682885880e+05,-3.840360441331699025e+06,3.940707631667500362e+06,1.515832262176142307e+06,2.231615066094416252e+05,-3.271122605726550799e+06,6.799543422779535875e+06,-2.720161945339074824e+06,-2.411086640908975620e+06,2.995306665522158612e+06,1.017201422638908587e+07,6.186000174620412290e+06,-4.908377418320729048e+05,-7.401548258609544719e+05,5.429824970104217529e+06,1.173941294276109431e+06,-2.064840715086610056e+06,-2.106061108986556064e+06,3.604404067603185307e+06,4.027591684288391843e+06,5.908589107160764746e+06
1.041706428155477624e+06,6.516821221062801778e+06,2.858892529519239906e+06,1.727636307373455493e+06,-9.937898687195853563e+05,-9.854938965880574659e+06,-9.796409877501331270e+06,9.365768256433821516e+05,5.411439793357433751e+06,-1.713168388103065779e+06,2.082095114937201142e+06,2.725509584043639712e+06,3.264185323737230152e+06,2.298183375987073872e+06,-5.139496593939523213e+06,-4.823545486279722303e+06,-3.304394342040939722e+06,2.758098199334416538e+06,-4.784192253138975240e+06,9.321313162884606281e+05,3.230507170858539641e+06,-4.748354980151356198e+06,7.569190829089651816e+06,4.401043190601193928e+05,-9.831947048347175121e+06,-3.045970481434126850e+06,-8.103997283973352052e+06,2.182541244616690092e+06,-8.524062002183869481e+06,-1.665967240292089526e+06,-6.468659584271742497e+05,5.041362553472514264e+06,1.281747835113516310e+06,4.381594534933516756e+06,-5.671514509057491086e+06,-6.656764122935700230e+06,-5.090038000558213331e+06,-1.422457165885946248e+06,-4.726771940635017119e+06,3.323595012561677024e+06,2.440766632893251721e+06,-6.345746598608331755e+06,2.179118630396982189e+06,2.992441323058536509e+05,2.962972393025767989e+06,-2.579836156461006321e+05,2.735622633828752209e+06,-2.221304154559115879e+06,-1.279845968965773238e+06,1.185394972769754240e+06,-1.108349640998963732e+06,1.534608841278492240e+06,1.961337123666833621e+06,1.468079870028159814e+06,-1.307844795059266035e+05,4.489767075345849618e+06,-3.789695842601343058e+06,-4.987710856171461754e+06,1.892688619024036685e+06,-1.603064833814455429e+06,3.892777305266716867e+05,-2.962570956876918208e+06,8.262086684570231009e+05,-1.846216351909441641e+06,1.179851968115907628e+06,4.138600765494350344e+06,2.765881099978455342e+06,4.122143548872600310e+06,2.061242093578253174e+06,2.991259446239260491e+06,1.698377214145912789e+06,-3.368275450056883972e+06,-1.529010537802906241e+06,1.128707228135594865e+06,4.138729922703877091e+05,4.029939283410477452e+06,-2.027021012462269515e+06,-8.509651065860121162e+04,-1.135621723947247025e+06,9.172633850114546949e+05,1.575288031097649597e+06,8.808847409767170902e+05,8.541368111840005964e+06,4.699583068367273081e+05,-3.677748175343490671e+06,4.550699375293867197e+05,3.324562953470482025e+06,2.940387362805523444e+06,6.124302871036030352e+06,6.986188140412752982e+05,-6.078694266478549689e+06,6.230759602536847815e+06,3.335478436715282500e+06,-2.434050741481799923e+05,5.405676257016394287e+06,-1.021991430189389922e+07,7.816345165373229422e+06,4.661507527773543261e+06,-6.833647125060110353e+06
2.694744092006181367e+06,2.575055209266761784e+06,-3.448524892351038870e+05,4.049635042032195721e+06,-3.180874346436345018e+06,-2.484025532869661227e+06,-2.379307268686389551e+06,-3.791063704395288136e+06,2.386151683904196601e+06,-2.239314329455413856e+06,1.159705368714456446e+06,-2.992293758978161495e+06,-3.999052217768458184e+06,9.862283762653085869e+05,-7.352712317745445762e+05,1.418255048104475019e+06,3.588525274032892659e+06,9.380241585332635790e+06,1.060086697675753757e+07,-2.106870579301234335e+06,-3.949461096556982957e+06,4.200425577454617247e+06,4.224871663578479551e+06,1.814953149482903536e+05,1.377036913355688448e+05,1.954252464769414160e+06,7.033741650788853876e+06,1.787967255574353505e+06,6.297647234030945227e+06,2.219670451275630039e+05,-3.680330978346101474e+06,7.485171584553827532e+06,3.305417905839592684e+06,-3.814379057494814973e+06,-3.683886290579934604e+06,-6.970816150072530843e+06,-3.319917156588679645e+06,-3.811019141381421592e+06,-3.473147343027546071e+06,-6.139376741999342106e+06,-1.887312831973739667e+06,-4.130873854068818502e+06,-1.442538569854287431e+06,2.018167376569367480e+06,-3.600617912165564485e+06,-2.004186225785095710e+06,-9.159420461053211475e+05,2.128582501101926900e+06,-2.682668961066111457e+06,-1.365112696724537294e+06,2.666621531546709128e+06,9.809163798432321346e+04,3.840045442133073811e+05,-2.132794887386479240e+05,6.072337404439656530e+05,-2.700933947133067064e+06,1.219521969774944521e+07,2.781088104606935754e+06,-3.050588162274958100e+06,-9.852449211460410152e+05,-2.940631017199344002e+06,-8.296167934641275788e+05,-1.219618474080727668e+06,-2.284665471629864536e+06,-1.011145891318872804e+06,-6.442934382814743556e+06,7.175070492144869640e+05,2.645607000738638453e+05,3.775178219009187538e+06,1.053588624069087207e+07,-2.859641506261883769e+05,4.151525462645856896e+04,-4.610239955009712838e+06,8.492303643483988708e+05,5.399369833100575022e+06,-2.703376692078396678e+06,-1.028333491496771690e+06,-1.765536026255274890e+06,2.020343603908069199e+06,8.520665302820724901e+05,6.948735646766504273e+06,-2.723365804721529130e+06,-2.265013539380041766e+05,-1.105783976581638126e+04,6.228547756075038575e+06,-7.214400413360207342e+06,5.035646256038235500e+06,1.254903934549327940e+06,5.180929779291874147e+05,-1.722158144121119985e+06,-5.890246520644809352e+05,-2.997744499434891157e+06,-2.208110552808601875e+06,1.187743867383108707e+06,-2.890108456849726848e+06,-6.573934140406165272e+06,-1.405295265464928467e+06,-8.668174082999315578e+05,-1.553267503435936291e+06
-1.358776977429549210e+06,1.838246479341271101e+06,-8.374009241326467600e+05,6.046620107465967536e+06,-6.752927787403406110e+05,-2.563966805343797896e+06,-1.041505746762065450e+06,-4.015671505394208245e+06,-6.438347216629408300e+06,-1.693850691241526278e+06,-3.654401656372983474e+06,-4.719582338515293784e+06,-6.821953197914648335e+05,3.411464528317587450e+06,5.464456203693410382e+06,-6.066504975327115506e+06,-3.820013813634889200e+06,3.192431948233168107e+06,1.670932093063944206e+07,4.787992362452972680e+06,3.866715834297042806e+06,2.486190022368656471e+06,-3.320713046245488804e+05,5.088823673807604238e+06,-5.936650142162798904e+06,2.194469068903656676e+06,3.562783280694516376e+06,-8.072408518125031143e+06,-1.890728190167214256e+06,-6.242567935795478523e+06,3.088657057691706810e+06,-1.542504105882141273e+06,-5.081768651928078383e+06,2.060779246827204945e+06,-2.741908874766918365e+06,1.514650638607689179e+06,4.407617305572235025e+06,-8.359291353876593057e+05,-3.245927671676813043e+05,8.626875648100684630e+05,-4.569572709935961757e+05,-9.921479720852079336e+05,9.710750288985213265e+05,7.995632603185891639e+05,3.155716541110525839e+06,-3.228047659195200540e+06,-5.511307934071227210e+05,1.246320838107980555e+06,3.398746988055110909e+06,1.763457326911641518e+06,-2.023183233300687280e+06,-7.305278125147264218e+05,-1.798034685748917283e+06,3.702092834731094539e+06,-1.974596013203899842e+06,-1.398981153629579640e+05,-5.134283320037877187e+06,1.383913059580730274e+06,4.441443694541226141e+06,2.538077987067150418e+06,1.798178160117058549e+06,4.739688036183103919e+06,-4.058101089587632101e+06,-5.080971774701899849e+06,1.498814184078426566e+06,-4.788451369055843679e+05,9.028533947484228993e+05,-3.081461400029049255e+05,2.686013118922459893e+06,4.870556996416561306e+06,3.487871653272816911e+06,1.405618893238319433e+05,3.822003568633985706e+05,-2.557739553938288707e+06,-4.379095170068353415e+06,3.121748164584062062e+06,3.428807341455880553e+06,-1.244344434075333411e+06,2.112172261971471016e+05,-1.149251368137636408e+07,7.227935916229686700e+05,5.838218713317206129e+04,-3.212733459048117977e+06,-2.579587498571516480e+06,-5.050060716150628286e+05,6.534012683412740007e+06,-7.317573576639805920e+06,-6.739699127627697308e+05,8.124311893028458580e+05,3.424482741942513734e+06,-1.139670356735346140e+06,1.149095177099619992e+06,3.472704316023242194e+06,7.931341362998938421e+05,1.127913895434886450e+06,9.852490632685046876e+04,-2.061812445588814560e+06,-8.590127518337626243e+05,-3.899728855184041895e+06
-7.886772447453597561e+05,1.393748125427907798e+06,-8.668267848307063105e+05,2.089483228537630290e+06,-3.029953144555801060e+06,2.119052408797369339e+06,-9.369361850241245702e+06,5.567916572457513772e+06,-2.184487908503342420e+06,8.649973997452945914e+05,7.880950267757903202e+04,1.545875551362030907e+06,6.708511337410605047e+05,-9.078902279335882049e+05,2.963970647442381014e+05,4.024006052157146856e+06,-5.165818627915080870e+05,3.178340155272788368e+06,1.942270427142426604e+06,6.242692921686966438e+05,1.531852157364184270e+06,1.493399273501289543e+06,-6.437191615740478970e+06,-3.377049294199423399e+06,-2.966172378899968695e+06,1.166462025179476477e+06,2.868850868070127442e+06,2.319580462286597118e+06,1.126090175244027749e+06,-3.865136799226436764e+06,4.626642385158168152e+06,-2.004569239465433173e+06,-3.351606940268438775e+05,2.085833803770623170e+06,-3.435559883979065809e+06,-3.737890612457978539e+06,-3.892345975443333387e+06,-6.740105692563704215e+05,3.810754631509230938e+06,2.610759850369516062e+05,-9.196084926565075293e+05,-3.208497240860526916e+06,-1.528165059165780200e+06,1.436293516015379282e+05,2.666447407732050051e+05,1.686755016304951627e+06,6.225526065689688548e+06,3.329185307811873965e+06,3.686671601886152755e+06,8.853250290907362069e+04,9.620578122962914640e+05,-3.211336531527141342e+05,-1.688929133955664234e+06,-1.391152837048698682e+06,-8.427823578451408539e+05,4.104937066697894130e+06,1.017423782855163678e+06,8.343658261051116278e+05,-5.639007453035403043e+06,-2.048100351286232937e+06,-2.909443792887614574e+06,1.753335435182287256e+03,-8.282212853453066200e+05,3.622409167309743818e+06,9.614533536738884868e+05,-1.887494177117487183e+06,-1.379715555611694930e+06,-4.153106366926920600e+06,-1.457216087562442292e+06,1.904254521922665299e+05,1.181480330846258206e+06,-9.684452651314563118e+05,7.649931995045841672e+06,-3.663016558887651190e+06,-4.509834145731230383e+05,-2.089750845306198578e+06,6.484113196350478102e+05,-1.797589821936806402e+03,8.351204679750599898e+05,5.792410282507984666e+05,-1.878429413482442265e+06,2.724536322349135764e+06,-1.288028907029443653e+06,-2.493099223697033711e+06,-8.228690718934105244e+05,-2.531660598215813749e+06,3.459339973865531851e+06,1.963103530660803895e+06,5.646298304715994745e+06,-4.191762768267817330e+06,-1.896520890635879710e+06,1.919561786017518956e+06,-3.565611196645224001e+06,-6.843115206217533909e+06,1.104513009215509146e+07,8.387355491952729411e+06,-5.891270596905494109e+06,-3.269837965470248018e+05,-1.353054434351756005e+06
-2.037168216799238464e+06,7.163305103663483169e+05,1.154751058236434590e+06,4.195907058207410388e+06,9.627497082483181730e+05,-8.046526981305565685e+06,3.447765775548719335e+06,-9.561808867990167346e+05,-1.742906182654795703e+06,1.003399145027419552e+06,2.814521539564681705e+06,2.344570953468078282e+06,2.222099463458550628e+06,-8.994426423211164365e+04,-4.150510408287944738e+06,-1.023468686828640057e+06,5.632493951021824032e+06,2.482280501527728513e+06,-2.466985348403065000e+06,-6.095875488244551234e+05,-4.328439480896490626e+06,-2.983537092506012879e+06,2.428851726573753636e+06,-3.867215980252208188e+06,1.433228232123969356e+06,8.872701837292169221e+05,3.053212694788551889e+06,-3.582891672197345761e+05,4.460508827347009443e+06,-7.836232997494254261e+06,4.520400357642727904e+06,-8.075873235136135481e+05,4.030564052736164071e+06,1.075354249596848385e+06,2.191868806779485662e+06,-2.089758362042215886e+06,9.083572132401025156e+05,-5.998397550678262487e+06,1.647406947628133232e+06,-1.929038669044762151e+06,5.131358520805581356e+05,4.050556599994452205e+06,-4.751036941632546950e+05,3.283580139818933676e+05,-7.886486023942185566e+05,3.159505135834124405e+06,6.583698193705583690e+05,4.177587846309870481e+06,-3.568252685890901834e+06,-5.161457913027320174e+05,-3.189562082224355545e+06,-2.998845548956125043e+06,-1.223469531109221745e+06,2.190347601174508687e+06,-2.090115825748033822e+05,5.082472666698773392e+06,-9.115994353536805138e+05,1.235196639271568740e+06,4.060581202594961971e+06,-4.577206303816805594e+05,-3.853337218607368879e+06,3.901011756427381653e+06,-2.113737487419745419e+06,-1.011900241481104895e+05,4.017442671049810946e+06,-2.179522590418566484e+06,2.135302810631390021e+05,1.953870080352945719e+06,3.575308781124193687e+06,-7.360892037730456330e+06,-2.425350496651574969e+06,3.577514393219338264e+06,1.982842644076428842e+06,5.057744668704086507e+04,6.786856986971170409e+05,-1.768770548440398416e+06,-2.947352166195188649e+06,4.531892740749076009e+06,-2.374284063977786340e+06,-3.894144609838327393e+06,-1.329260060376452282e+06,1.452622656812950037e+06,-1.158058910597840295e+05,-3.981329449925499037e+06,-9.834146468905300135e+05,2.359324734612321015e+06,1.750606114786130143e+06,5.723419911303575151e+06,-6.812141512654014863e+06,-1.230807505872072419e+06,-5.345228750027014874e+06,1.276944252782148309e+06,1.363870991738964338e+06,1.096591963987461990e+06,-5.211691708327169181e+05,-1.885032692720117979e+06,-1.481963071036492474e+06,-1.434690263117115479e+06,1.223497536429920467e+06
6.752083749789943686e+05,-1.308013327868477791e+04,2.182202832066017669e+06,4.540542266866656020e+06,2.347235176880000625e+06,-7.625131307131706737e+06,-1.095528702946373262e+06,-1.393041490807061782e+06,-2.130532152921985835e+06,2.306270289508330636e+06,-8.308264161787286866e+05,4.399157600822184235e+06,2.598371980056775268e+06,3.210087788288946729e+06,3.353930334748424124e+06,1.596176458109512459e+06,2.431536314700580551e+05,-2.677389164862097707e+06,-2.094724922031783964e+06,5.257484805766188540e+06,-1.253169087325732224e+06,-7.911175224728430621e+05,1.027906143092144048e+06,3.297568775428189430e+06,-2.230523003439338412e+06,2.418014673894950654e+06,-3.868438718767217826e+06,-1.525593788240035530e+06,3.225757103381161141e+04,-1.335224646661567502e+06,1.625837817390988348e+06,-1.635635561739573313e+04,-4.417617245651246049e+06,6.426623202021521283e+05,-5.839122650828358019e+05,-4.812785627094871597e+05,-7.196823989380515181e+06,7.721922361491392367e+05,-1.281171865327676758e+06,-1.934794358496960951e+06,-1.182113879237781512e+06,6.189575787582792342e+06,2.573995652015714906e+06,-4.759551405623250175e+05,6.775447782406831393e+05,6.242127397453484125e+06,7.011768196899450850e+05,-1.435200739218425471e+06,-4.091909660566676757e+05,1.053970132427601842e+06,-2.097084701891140314e+06,-1.274445548174821772e+06,2.801813704383481527e+05,-2.311861193378338125e+06,-3.974458146946272464e+05,-5.720644459609731566e+05,2.901059554869721178e+06,3.446696374886402395e+06,-1.838233665341388201e+06,-8.001380897024908336e+05,5.420826865700741298e+06,-5.217668477614342235e+06,-1.547274369721812662e+06,-1.786541782799083274e+06,-8.967608299464727752e+05,1.626135054748128401e+06,-2.873961960950746667e+06,3.271756466627828195e+05,-1.171205325980969239e+06,2.999576905941265635e+06,-2.429892021151928697e+06,1.027311312757609179e+06,2.629337659715865273e+06,4.276313774744838884e+04,2.169681115373630018e+05,1.163498723871106980e+06,-6.373256047339997021e+05,2.404314753850312554e+05,-2.166816900525693782e+06,1.010922573309000116e+06,-2.405530121903152671e+06,-4.737155419638860039e+06,-2.785297360707280226e+06,-2.452751405625928659e+06,1.185513468067277782e+07,-1.874766924166048178e+06,-2.067084911883531371e+06,-4.311690129809173755e+06,-2.566927892052114010e+06,-9.373590759187491494e+04,1.585796782921056030e+06,-2.868595374792683404e+06,-7.821075204618507996e+05,-2.189235487618288957e+06,2.286577932724125683e+06,5.276322929854682880e+05,1.322346297450024169e+06,1.502718382603554521e+06,3.054592832134606317e+06
1.127980881192730507e+06,-1.498703857926329074e+05,-3.028653343601386528e+06,-1.986242183611572953e+06,8.764739046949936892e+03,3.113092898421130143e+06,-9.725741251024479279e+05,-2.044009982084924821e+06,5.892303784432758112e+05,-1.159908790944817942e+06,-2.245021425964927301e+06,1.575974877449268708e+06,2.009677501430360135e+06,-3.689436650207987521e+06,1.755473990562211024e+06,9.231049192279223353e+05,-2.034059421922880458e+06,1.692290793850732967e+06,-4.737656353729863185e+05,-2.256918005439276807e+06,3.025952347985964268e+06,3.924836787532917224e+06,5.170171198739700951e+06,9.627071633950783871e+05,-3.639002850274964585e+05,-2.633451393473132513e+06,4.453831584475269483e+04,1.682558070668552304e+06,1.293670518551456043e+06,2.776325831330460496e+06,4.003854624012339627e+05,-1.276447186104426859e+06,1.335811813624660717e+06,-1.404742859823612729e+06,-2.531965859927810263e+06,-3.447135831315706950e+06,2.313438962108375505e+06,9.873169484429053962e+06,7.697109208966621663e+05,1.691160635950349679e+05,-7.165770294779479445e+04,5.897140746757311281e+05,2.371975566024226137e+06,5.369997089350903407e+05,-1.738503458723924123e+06,-1.764313461326955352e+06,-2.852908679559453856e+06,5.523465549013011158e+06,-1.779113782351430971e+06,1.595144388022176456e+06,1.139897177940237569e+06,-1.126591587034435943e+06,-4.441996285720516928e+06,2.043355942053641193e+06,-1.657047326520064846e+06,6.738678899275783449e+06,-2.451672462544922717e+06,1.308236480423619738e+06,-1.158260082559035160e+06,8.766173701150880661e+05,-2.924787523483206984e+06,4.246125497514693998e+05,-4.305242290672283620e+06,1.795185440405130154e+06,-3.180505733282488072e+05,-2.627316049554952770e+05,9.026492776732017519e+05,-2.238685229687537532e+06,-1.149317851947878022e+06,-2.668122594805007800e+06,1.695122206867216853e+06,-7.444265560324479884e+04,2.056206219013078138e+06,-2.927424238829653768e+04,-5.461621544863786548e+06,5.127483316254974343e+05,-1.951907498384291073e+06,2.286862025999296457e+06,-9.880982012316447217e+05,-2.986132060724010225e+05,-4.271075862594391219e+06,-1.762909837689151987e+06,-1.365490287777661113e+06,-2.684120973509413656e+06,9.766548848329702392e+06,-1.060080717020337470e+06,1.497389375715575414e+06,6.470857555087936344e+05,4.261511270680953749e+05,1.355904102869172581e+06,-2.983139600186232012e+06,2.716476165643762797e+06,-2.104453222905224655e+06,1.318505279071563389e+06,-3.390763207906630822e+06,-2.725192995895273983e+06,3.918836780384900048e+06,-2.191213038623069879e+06,-2.632849606596289668e+06
-1.846963691624715575e+05,4.892199531043608673e+06,-9.072242455785064958e+05,3.076465756246407051e+06,2.818479977158268448e+06,-2.738289191228451673e+05,2.854726789156021085e+06,-3.644494797358612530e+06,1.808771764895196073e+06,4.970532833833030891e+05,1.006250845383402891e+06,-1.044502421517378301e+06,3.368346302057879511e+06,5.164021293439871806e+04,-2.736551380300489836e+05,7.312131097135556629e+05,-2.685348349815626163e+06,-3.784542008530057035e+06,4.114416976703069173e+06,-7.273607116004979471e+05,3.643796377282818314e+06,-3.149199122462658212e+06,-1.072622018313896988e+05,6.545193636697960319e+05,2.685826040984127205e+06,-1.072844623729737476e+06,1.641162090846103849e+06,3.042644792651566677e+06,-7.579502108621599618e+05,8.001464671630677767e+05,-2.378985934293610044e+06,-2.963330200084280223e+06,-1.760493062123286538e+06,-7.977792815978584113e+05,1.822607804578169482e+06,-7.414808057439590804e+06,-5.464023500809477642e+06,-2.613443804993568454e+06,3.434574194770607282e+05,1.016223975217502913e+06,-2.037180807639264734e+06,-2.758917498364823870e+06,-5.829898686115246965e+05,1.430919886135299923e+06,4.474651004059609026e+06,1.859077681913480395e+06,-1.270155096196989529e+06,3.375413931782996282e+06,-2.607110090301448014e+06,-1.940277342998121865e+06,-7.110276122915367596e+05,8.243581547720585950e+05,4.105283019925516564e+06,5.663239621609422378e+06,3.467570893972741324e+05,-4.244898926417184994e+05,-2.872296283484541345e+06,-8.179733703735439340e+05,1.092874054228923982e+06,2.677295021933856769e+05,-2.193128471106045414e+06,2.966789326897864696e+06,2.140399028399019735e+05,3.272077655607493594e+06,-1.347023795100358548e+06,-1.001518393459181418e+06,-1.851493917662940221e+06,-3.070956939928004052e+06,2.403193483758796356e+05,1.019173462751932326e+06,2.399546811326802243e+06,6.749725413419118850e+05,1.202965239312888356e+06,2.001708215060867602e+06,-4.504440780814097263e+06,1.046587261997413938e+06,-3.548349343698517419e+06,1.605470330802742392e+05,-2.280916038036394864e+06,4.579604467316724360e+06,-7.839936292188740335e+05,1.862631099534192588e+06,-1.986546279134270037e+06,2.508236494918324519e+06,-1.565429432149632368e+06,-2.957417219755941071e+06,-6.389800126058784081e+05,-6.748571067856502486e+05,4.146853060086298501e+05,1.861764027246729471e+06,6.702578477204530500e+05,-5.358743857379239984e+06,5.070653866012447514e+06,-5.497532275608891621e+06,-2.694961380225041416e+06,1.229706643785516266e+06,-3.934303676045681932e+05,-4.019337099828506471e+05,3.073324396404001396e+06
-1.077215171788033796e+06,-1.199891147413741332e+06,1.150743735225852812e+06,-1.432897800782773877e+06,5.011025128857756499e+04,1.408748419432586990e+06,-1.319063292932621203e+06,2.004830226329466328e+06,-1.998114561216095230e+06,7.982776034331528936e+05,8.521389950311878929e+05,-2.315765730541996192e+06,4.584560413740021177e+06,-8.019791457894773921e+05,7.687554156656744890e+05,-9.756475391606050543e+05,4.234280203063322231e+06,-3.374930777012812439e+06,-7.044516343051816802e+05,-3.678015191219719127e+05,6.327930932761952281e+06,-1.929765259561511688e+06,1.960025888180627255e+06,-7.730012828607374104e+05,-5.846845974279220216e+06,-1.920546481340096798e+06,4.744715667793433182e+06,3.773585310672977357e+05,-1.372156314822474960e+06,5.732576256256481865e+05,-1.740629966775520472e+06,1.268223757239166182e+06,7.429819712253365433e+05,7.787891878210152499e+05,-1.357474311561818700e+06,2.824405089311903343e+06,-4.072441118437124882e+06,2.086588084527043626e+06,3.358385591688320506e+06,8.439057422949587926e+05,-1.156038629055140307e+06,-9.038417303057808895e+05,1.136067359394640662e+06,-9.127828632499688538e+05,2.677610514102599118e+06,-3.359090186336922459e+06,-3.933281480399236083e+06,-4.406919088633779436e+06,-1.743646837526425254e+06,-1.386542920062769204e+06,-2.503416014757542405e+06,-3.971019877660586499e+06,6.123702806349319872e+05,2.576610612413338851e+06,-3.979405530181141221e+05,-9.078869919347760733e+05,3.587748219467141666e+06,-2.904918524829139933e+06,4.427170938402714208e+06,-3.220002303941207938e+06,2.571678682495527901e+06,2.213818981393433642e+06,4.563044910397749394e+06,1.394400385346058989e+06,-1.018876805233635358e+06,-3.112280768005959224e+06,1.824692179641043302e+06,2.248562412430133205e+06,1.488043022658311995e+06,-1.401926081815326354e+06,-2.915821359531941824e+06,4.476977003214200027e+06,-3.263826999110862613e+06,-8.576267568932458526e+05,-2.445076416756317485e+06,-1.250155325884535268e+05,3.248432222232874483e+05,1.881442070071630878e+05,1.693643760481665377e+05,-1.051574790230245097e+06,-7.210825023098761449e+05,7.863783315102923370e+04,-2.543822292847024277e+06,-7.888487191966952523e+05,4.324252838147048838e+06,-2.714789006032067118e+05,6.332870724897766486e+06,-1.222270652789595770e+06,1.040325309336954495e+06,2.969488154454320902e+05,-7.092505518784512533e+05,1.912286564623870800e+04,-1.497074219705866381e+04,2.713502231402495876e+06,1.358060333685750607e+06,5.810087028816636885e+05,-7.530422202078729868e+06,1.848249103754990268e+06,-5.310202928845210699e+05
-5.165235449641927145e+06,-8.028294603764126077e+05,-1.037802514296896872e+06,-5.104412212631477974e+06,-2.464477647866825107e+06,-8.536659546987984329e+06,1.997516594933362911e+06,3.070665747654770967e+06,2.755382458749596961e+06,5.093624530044891872e+06,-2.201975855452114716e+06,-5.068780162674628198e+06,-1.384876789521520492e+06,2.335877064114075154e+06,-2.979042670329182409e+06,-5.085285063003735850e+05,2.322538897249766160e+06,-1.213869383142110892e+06,3.013323550935213454e+06,2.677556188994783908e+06,-2.941714477427228703e+05,5.039892954586597625e+05,3.128221354367665015e+06,2.842979999764727545e+05,1.967234627937201294e+05,2.048080814120856812e+06,-3.251883756634723861e+06,2.714178667129285168e+06,-1.130121317819674034e+06,-1.283393392400749028e+06,1.259510430224390293e+05,3.915127197228483856e+06,-6.293941015783421462e+05,-1.187158955019880377e+05,-8.086513112538895803e+04,-3.060423172403720208e+06,2.308504222003245261e+06,5.700583865158557892e+05,4.005187839582618792e+06,-8.339490315592393745e+05,2.318864414025217295e+06,1.359652876817053417e+06,1.120850039113089442e+06,2.546013426056901881e+04,1.259735601175965276e+06,-1.023350387661325978e+06,-3.317484323018575553e+06,-9.174807901774649508e+05,-1.365001641071100719e+06,-1.762497088280841010e+06,6.124735530908082146e+05,2.236565748824594775e+05,-6.991697529100989923e+05,1.097109002458001778e+05,2.827839210874082055e+05,2.841466143987066112e+06,7.903814785497795092e+05,6.502186504669918213e+05,-2.744898379856411368e+06,-3.920280427927746787e+05,-2.857523408352794359e+05,2.828515269085948355e+06,4.257641385416614823e+06,8.990927183956379304e+05,-2.248116204925198574e+06,-2.377045404800710734e+06,1.392177889362096554e+06,-2.106603312152521976e+05,-8.890973529469078640e+05,-8.185397186242876342e+05,1.382308546183418250e+06,-1.920396360031341203e+06,3.606151002509014681e+06,-4.670852552402979694e+06,-5.033493559976574033e+05,8.375584685865727952e+05,3.483960682959577534e+06,-2.900080268423952162e+06,-1.197634223798228661e+06,-2.509388354816375941e+05,2.502060902702650055e+05,-1.581342545362181729e+06,-4.752726025062076515e+05,-6.663796939099780284e+05,-8.241706548549965955e+05,-8.002345636764957453e+04,1.245227169547114056e+06,-1.047538540688597364e+06,2.261560874300328549e+06,2.448407510912131052e+06,3.251128364495982416e+06,2.526202492679250892e+06,-2.289711346423860639e+06,-2.775391744377315044e+06,-3.655622492037719116e+06,3.141110391850187443e+06,2.417460018404426519e+06,-2.870195424380882643e+06,3.020660824612869881e+06
